{
  "logreg": {
    "best_cv_score": 0.9583333333333334,
    "test_accuracy": 1.0,
    "best_params": {
      "clf__penalty": "l2",
      "clf__C": 10
    },
    "model_file": "c:\\Users\\user\\Downloads\\Capstone project\\best_model_logreg.pkl",
    "confusion_image": "c:\\Users\\user\\Downloads\\Capstone project\\tuning_confusion_logreg.png",
    "classification_report": "              precision    recall  f1-score   support\n\n           0     1.0000    1.0000    1.0000        10\n           1     1.0000    1.0000    1.0000        10\n           2     1.0000    1.0000    1.0000        10\n\n    accuracy                         1.0000        30\n   macro avg     1.0000    1.0000    1.0000        30\nweighted avg     1.0000    1.0000    1.0000        30\n"
  },
  "rf": {
    "best_cv_score": 0.9666666666666667,
    "test_accuracy": 0.9333333333333333,
    "best_params": {
      "clf__n_estimators": 50,
      "clf__max_depth": 10
    },
    "model_file": "c:\\Users\\user\\Downloads\\Capstone project\\best_model_rf.pkl",
    "confusion_image": "c:\\Users\\user\\Downloads\\Capstone project\\tuning_confusion_rf.png",
    "classification_report": "              precision    recall  f1-score   support\n\n           0     1.0000    1.0000    1.0000        10\n           1     0.9000    0.9000    0.9000        10\n           2     0.9000    0.9000    0.9000        10\n\n    accuracy                         0.9333        30\n   macro avg     0.9333    0.9333    0.9333        30\nweighted avg     0.9333    0.9333    0.9333        30\n"
  },
  "svc": {
    "best_cv_score": 0.9666666666666667,
    "test_accuracy": 0.9666666666666667,
    "best_params": {
      "clf__gamma": "scale",
      "clf__C": 10
    },
    "model_file": "c:\\Users\\user\\Downloads\\Capstone project\\best_model_svc.pkl",
    "confusion_image": "c:\\Users\\user\\Downloads\\Capstone project\\tuning_confusion_svc.png",
    "classification_report": "              precision    recall  f1-score   support\n\n           0     1.0000    1.0000    1.0000        10\n           1     1.0000    0.9000    0.9474        10\n           2     0.9091    1.0000    0.9524        10\n\n    accuracy                         0.9667        30\n   macro avg     0.9697    0.9667    0.9666        30\nweighted avg     0.9697    0.9667    0.9666        30\n"
  }
}